<?xml version="1.0"?>
<flowgorithm fileversion="2.11">
    <attributes>
        <attribute name="name" value=""/>
        <attribute name="authors" value="Jerzy"/>
        <attribute name="about" value=""/>
        <attribute name="saved" value="2026-01-07 02:05:58 PM"/>
        <attribute name="created" value="SmVyenk7REVTS1RPUC1DR0NLUVZMOzIwMjUtMTItMTA7MDY6MjA6NTAgUE07MjkwOA=="/>
        <attribute name="edited" value="SmVyenk7REVTS1RPUC1DR0NLUVZMOzIwMjYtMDEtMDc7MTE6NTQ6NTkgQU07MztKZXJ6eTtERVNLVE9QLUNHQ0tRVkw7MjAyNS0xMi0yMDsxMDoxNzowMiBQTTtkcnpld29fYmluYXJuZS5mcHJnOzgwMTk="/>
        <attribute name="edited" value="SmVyenk7REVTS1RPUC1DR0NLUVZMOzIwMjYtMDEtMDc7MDI6MDU6NTggUE07MzA7MzA3OA=="/>
    </attributes>
    <function name="Main" type="None" variable="">
        <parameters/>
        <body>
            <declare name="wybor" type="Integer" array="False" size=""/>
            <declare name="t" type="Integer" array="True" size="63"/>
            <call expression="pustedrzewo(t)"/>
            <do expression="wybor != 0">
                <assign variable="wybor" expression="menu()"/>
                <if expression="wybor==0">
                    <then>
                        <call expression="koniec()"/>
                    </then>
                    <else>
                        <if expression="wybor==1">
                            <then>
                                <call expression="dopisz(t)"/>
                            </then>
                            <else>
                                <if expression="wybor==2">
                                    <then>
                                        <call expression="usun(t)"/>
                                    </then>
                                    <else>
                                        <if expression="wybor==3">
                                            <then>
                                                <call expression="wyswietldrzewo(t)"/>
                                            </then>
                                            <else>
                                                <if expression="wybor==4">
                                                    <then>
                                                        <call expression="wyswietlinorder(t)"/>
                                                    </then>
                                                    <else>
                                                        <call expression="blad()"/>
                                                    </else>
                                                </if>
                                            </else>
                                        </if>
                                    </else>
                                </if>
                            </else>
                        </if>
                    </else>
                </if>
            </do>
        </body>
    </function>
    <function name="blad" type="None" variable="">
        <parameters/>
        <body>
            <output expression="&quot;NIE MA TAKIEJ OPCJI&quot;" newline="True"/>
        </body>
    </function>
    <function name="dopisz" type="None" variable="wskaznik">
        <parameters>
            <parameter name="t" type="Integer" array="True"/>
        </parameters>
        <body>
            <declare name="element" type="Integer" array="False" size=""/>
            <input variable="element"/>
            <call expression="dopiszelement(t, 0, element)"/>
        </body>
    </function>
    <function name="dopiszelement" type="None" variable="">
        <parameters>
            <parameter name="t" type="Integer" array="True"/>
            <parameter name="korzen" type="Integer" array="False"/>
            <parameter name="element" type="Integer" array="False"/>
        </parameters>
        <body/>
    </function>
    <function name="inorder" type="None" variable="">
        <parameters>
            <parameter name="t" type="Integer" array="True"/>
            <parameter name="korzen" type="Integer" array="False"/>
        </parameters>
        <body>
            <if expression="t[korzen]==0">
                <then/>
                <else>
                    <call expression="inorder(t, 2*korzen+1)"/>
                    <output expression="t[korzen]&amp;&quot;  &quot;" newline="False"/>
                    <call expression="inorder(t, 2*korzen+2)"/>
                </else>
            </if>
        </body>
    </function>
    <function name="koniec" type="None" variable="">
        <parameters/>
        <body>
            <output expression="&quot;KONIEC&quot;" newline="True"/>
        </body>
    </function>
    <function name="menu" type="Integer" variable="wybor">
        <parameters/>
        <body>
            <declare name="wybor" type="Integer" array="False" size=""/>
            <output expression="&quot;M  E  N  U&quot;" newline="True"/>
            <output expression="&quot;0 - koniec&quot;" newline="True"/>
            <output expression="&quot;1 - dopisz&quot;" newline="True"/>
            <output expression="&quot;2 - usu&#324;&quot;" newline="True"/>
            <output expression="&quot;3 - wy&#347;wietl&quot;" newline="True"/>
            <output expression="&quot;4 - inorder&quot;" newline="True"/>
            <input variable="wybor"/>
        </body>
    </function>
    <function name="nastepny" type="Integer" variable="n">
        <parameters>
            <parameter name="t" type="Integer" array="True"/>
            <parameter name="korzen" type="Integer" array="False"/>
        </parameters>
        <body/>
    </function>
    <function name="pustedrzewo" type="None" variable="">
        <parameters>
            <parameter name="t" type="Integer" array="True"/>
        </parameters>
        <body/>
    </function>
    <function name="usun" type="None" variable="wskaznik">
        <parameters>
            <parameter name="t" type="Integer" array="True"/>
        </parameters>
        <body>
            <declare name="element" type="Integer" array="False" size=""/>
            <input variable="element"/>
            <call expression="usunelement(t, 0, element)"/>
        </body>
    </function>
    <function name="usunelement" type="None" variable="">
        <parameters>
            <parameter name="t" type="Integer" array="True"/>
            <parameter name="korzen" type="Integer" array="False"/>
            <parameter name="element" type="Integer" array="False"/>
        </parameters>
        <body/>
    </function>
    <function name="wyswietldrzewo" type="None" variable="">
        <parameters>
            <parameter name="t" type="Integer" array="True"/>
        </parameters>
        <body>
            <declare name="i" type="Integer" array="False" size=""/>
            <output expression="&quot;                                                                                                     &quot;&amp;t[0]" newline="True"/>
            <output expression="&quot;                                           &quot;&amp;t[1]&amp;&quot;                                                                                                                 &quot;&amp;t[2]" newline="True"/>
            <output expression="&quot;                           &quot;&amp;t[3]&amp;&quot;                              &quot;&amp;t[4]&amp;&quot;                                                                                   &quot;&amp;t[5]&amp;&quot;                            &quot;&amp;t[6]" newline="True"/>
            <output expression="&quot;                   &quot;&amp;t[7]&amp;&quot;            &quot;&amp;t[8]&amp;&quot;               &quot;&amp;t[9]&amp;&quot;              &quot;&amp;t[10]&amp;&quot;                                                                  &quot;&amp;t[11]&amp;&quot;               &quot;&amp;t[12]&amp;&quot;              &quot;&amp;t[13]&amp;&quot;              &quot;&amp;t[14]" newline="True"/>
            <output expression="&quot;         &quot;" newline="False"/>
            <for variable="i" start="15" end="30" direction="inc" step="1">
                <output expression="&quot;      &quot;&amp;t[i]" newline="False"/>
                <if expression="i==22">
                    <then>
                        <output expression="&quot;                                                   &quot;" newline="False"/>
                    </then>
                    <else/>
                </if>
            </for>
            <output expression="&quot; &quot;" newline="True"/>
        </body>
    </function>
    <function name="wyswietlinorder" type="None" variable="">
        <parameters>
            <parameter name="t" type="Integer" array="True"/>
        </parameters>
        <body>
            <call expression="inorder(t, 0)"/>
            <output expression="&quot;&quot;" newline="True"/>
        </body>
    </function>
    <function name="zaszczep" type="None" variable="">
        <parameters>
            <parameter name="t" type="Integer" array="True"/>
            <parameter name="korzen" type="Integer" array="False"/>
            <parameter name="poddrzewo" type="Integer" array="False"/>
        </parameters>
        <body/>
    </function>
</flowgorithm>
