<?xml version="1.0"?>
<flowgorithm fileversion="2.11">
    <attributes>
        <attribute name="name" value=""/>
        <attribute name="authors" value="Jerzy"/>
        <attribute name="about" value=""/>
        <attribute name="saved" value="2026-01-07 11:41:16 AM"/>
        <attribute name="created" value="SmVyenk7REVTS1RPUC1DR0NLUVZMOzIwMjUtMTItMjA7MTA6MTc6MDIgUE07MjkwNw=="/>
        <attribute name="edited" value="SmVyenk7REVTS1RPUC1DR0NLUVZMOzIwMjYtMDEtMDc7MTE6NDE6MTYgQU07NjszMDEy"/>
    </attributes>
    <function name="Main" type="None" variable="">
        <parameters/>
        <body>
            <declare name="t" type="Integer" array="True" size="31"/>
            <declare name="i" type="Integer" array="False" size=""/>
            <for variable="i" start="0" end="30" direction="inc" step="1">
                <assign variable="t[i]" expression="0"/>
            </for>
            <call expression="wczytajdrzewo(t)"/>
            <call expression="inorder(t, 0)"/>
            <output expression="&quot;  &quot;" newline="True"/>
            <call expression="wyswietldrzewo(t)"/>
        </body>
    </function>
    <function name="inorder" type="None" variable="">
        <parameters>
            <parameter name="t" type="Integer" array="True"/>
            <parameter name="korzen" type="Integer" array="False"/>
        </parameters>
        <body>
            <if expression="t[korzen]==0">
                <then/>
                <else>
                    <call expression="inorder(t, 2*korzen+1)"/>
                    <output expression="t[korzen]&amp;&quot;  &quot;" newline="False"/>
                    <call expression="inorder(t, 2*korzen+2)"/>
                </else>
            </if>
        </body>
    </function>
    <function name="wczytajdrzewo" type="None" variable="">
        <parameters>
            <parameter name="t" type="Integer" array="True"/>
        </parameters>
        <body>
            <declare name="i" type="Integer" array="False" size=""/>
            <for variable="i" start="0" end="14" direction="inc" step="1">
                <input variable="t[i]"/>
            </for>
        </body>
    </function>
    <function name="wyswietldrzewo" type="None" variable="">
        <parameters>
            <parameter name="t" type="Integer" array="True"/>
        </parameters>
        <body>
            <declare name="i, j" type="Integer" array="False" size=""/>
            <output expression="&quot;                                                                                                     &quot;&amp;t[0]" newline="True"/>
            <output expression="&quot;                                           &quot;&amp;t[1]&amp;&quot;                                                                                                                 &quot;&amp;t[2]" newline="True"/>
            <output expression="&quot;                           &quot;&amp;t[3]&amp;&quot;                              &quot;&amp;t[4]&amp;&quot;                                                                                   &quot;&amp;t[5]&amp;&quot;                            &quot;&amp;t[6]" newline="True"/>
            <output expression="&quot;                    &quot;&amp;t[7]&amp;&quot;          &quot;&amp;t[8]&amp;&quot;                &quot;&amp;t[9]&amp;&quot;              &quot;&amp;t[10]&amp;&quot;                                                                  &quot;&amp;t[11]&amp;&quot;               &quot;&amp;t[12]&amp;&quot;              &quot;&amp;t[13]&amp;&quot;              &quot;&amp;t[14]" newline="True"/>
        </body>
    </function>
</flowgorithm>
