<?xml version="1.0"?>
<flowgorithm fileversion="2.11">
    <attributes>
        <attribute name="name" value=""/>
        <attribute name="authors" value="Jerzy"/>
        <attribute name="about" value=""/>
        <attribute name="saved" value="2025-12-15 09:23:17 PM"/>
        <attribute name="created" value="SmVyenk7REVTS1RPUC1DR0NLUVZMOzIwMjUtMTItMTA7MDY6MjA6NTAgUE07MjkwOA=="/>
        <attribute name="edited" value="SmVyenk7REVTS1RPUC1DR0NLUVZMOzIwMjUtMTItMTU7MDk6MjM6MTcgUE07NjszMDM1"/>
    </attributes>
    <function name="Main" type="None" variable="">
        <parameters/>
        <body>
            <declare name="i, wybor, wskaznik, max" type="Integer" array="False" size=""/>
            <output expression="&quot;Podaj maksymalny rozmiar stosu: &quot;" newline="False"/>
            <input variable="max"/>
            <declare name="t" type="Integer" array="True" size="max"/>
            <assign variable="wskaznik" expression="0"/>
            <do expression="wybor != 0">
                <assign variable="wybor" expression="menu()"/>
                <if expression="wybor==0">
                    <then>
                        <call expression="koniec()"/>
                    </then>
                    <else>
                        <if expression="wybor==1">
                            <then>
                                <assign variable="wskaznik" expression="dopisz(t, wskaznik, max)"/>
                            </then>
                            <else>
                                <if expression="wybor==2">
                                    <then>
                                        <assign variable="wskaznik" expression="usun(t, wskaznik)"/>
                                    </then>
                                    <else>
                                        <if expression="wybor==3">
                                            <then>
                                                <call expression="wyswietl(t, wskaznik)"/>
                                            </then>
                                            <else>
                                                <call expression="blad()"/>
                                            </else>
                                        </if>
                                    </else>
                                </if>
                            </else>
                        </if>
                    </else>
                </if>
            </do>
        </body>
    </function>
    <function name="blad" type="None" variable="">
        <parameters/>
        <body>
            <output expression="&quot;NIE MA TAKIEJ OPCJI&quot;" newline="True"/>
        </body>
    </function>
    <function name="dopisz" type="Integer" variable="wskaznik">
        <parameters>
            <parameter name="t" type="Integer" array="True"/>
            <parameter name="wskaznik" type="Integer" array="False"/>
            <parameter name="max" type="Integer" array="False"/>
        </parameters>
        <body>
            <if expression="wskaznik==max">
                <then>
                    <output expression="&quot;STOS PE&#321;NY&quot;" newline="True"/>
                </then>
                <else>
                    <output expression="&quot;Podaj liczb&#281;: &quot;" newline="False"/>
                    <input variable="t[wskaznik]"/>
                    <assign variable="wskaznik" expression="wskaznik+1"/>
                </else>
            </if>
        </body>
    </function>
    <function name="koniec" type="None" variable="">
        <parameters/>
        <body>
            <output expression="&quot;KONIEC&quot;" newline="True"/>
        </body>
    </function>
    <function name="menu" type="Integer" variable="wybor">
        <parameters/>
        <body>
            <declare name="wybor" type="Integer" array="False" size=""/>
            <output expression="&quot;M  E  N  U&quot;" newline="True"/>
            <output expression="&quot;0 - koniec&quot;" newline="True"/>
            <output expression="&quot;1 - dopisz&quot;" newline="True"/>
            <output expression="&quot;2 - usu&#324;&quot;" newline="True"/>
            <output expression="&quot;3 - wy&#347;wietl&quot;" newline="True"/>
            <input variable="wybor"/>
        </body>
    </function>
    <function name="usun" type="Integer" variable="wskaznik">
        <parameters>
            <parameter name="t" type="Integer" array="True"/>
            <parameter name="wskaznik" type="Integer" array="False"/>
        </parameters>
        <body>
            <if expression="wskaznik==0">
                <then>
                    <output expression="&quot;STOS PUSTY&quot;" newline="True"/>
                </then>
                <else>
                    <output expression="&quot;Usuni&#281;te &quot;&amp;t[wskaznik - 1]" newline="True"/>
                    <assign variable="wskaznik" expression="wskaznik-1"/>
                </else>
            </if>
        </body>
    </function>
    <function name="wyswietl" type="None" variable="">
        <parameters>
            <parameter name="t" type="Integer" array="True"/>
            <parameter name="wskaznik" type="Integer" array="False"/>
        </parameters>
        <body>
            <declare name="i" type="Integer" array="False" size=""/>
            <if expression="wskaznik==0">
                <then>
                    <output expression="&quot;STOS PUSTY&quot;" newline="True"/>
                </then>
                <else>
                    <for variable="i" start="0" end="wskaznik-1" direction="inc" step="1">
                        <output expression="t[i]&amp;&quot;  &quot;" newline="False"/>
                    </for>
                    <output expression="&quot;  &quot;" newline="True"/>
                </else>
            </if>
        </body>
    </function>
</flowgorithm>
